{"stats":{"minecraft:killed":{"minecraft:skeleton":3,"minecraft:chicken":1,"minecraft:creeper":3,"minecraft:sheep":1,"minecraft:zombie":14,"minecraft:enderman":2,"minecraft:cow":10},"minecraft:picked_up":{"minecraft:crafting_table":3,"minecraft:iron_chestplate":1,"minecraft:chicken":1,"minecraft:anvil":1,"minecraft:cornflower":1,"minecraft:iron_leggings":1,"minecraft:white_carpet":1,"minecraft:oak_sign":2,"minecraft:beef":18,"minecraft:oak_boat":5,"minecraft:rose_bush":1,"minecraft:poppy":6,"minecraft:sugar_cane":48,"minecraft:iron_boots":1,"minecraft:furnace":6,"minecraft:stick":9,"minecraft:oak_fence":3,"minecraft:torch":8,"minecraft:diorite":41,"minecraft:carrot":1,"minecraft:redstone":32,"minecraft:arrow":1,"minecraft:cactus":3,"minecraft:rotten_flesh":17,"minecraft:hay_block":46,"minecraft:mutton":1,"minecraft:obsidian":4,"minecraft:white_wool":1,"minecraft:cobblestone":727,"minecraft:birch_log":5,"minecraft:enchanting_table":1,"minecraft:lime_bed":4,"minecraft:feather":6,"minecraft:cooked_beef":4,"minecraft:water_bucket":1,"minecraft:andesite":36,"minecraft:leather":15,"minecraft:smoker":4,"minecraft:red_mushroom":1,"minecraft:oak_log":191,"minecraft:gunpowder":1,"minecraft:dirt":218,"minecraft:lapis_lazuli":23,"minecraft:orange_terracotta":1,"minecraft:cooked_mutton":1,"minecraft:bone":2,"minecraft:wheat_seeds":12,"minecraft:bell":2,"minecraft:grindstone":2,"minecraft:iron_ore":36,"minecraft:oak_planks":56,"minecraft:oak_slab":3,"minecraft:dandelion":1,"minecraft:sand":30,"minecraft:cyan_bed":2,"minecraft:barrel":3,"minecraft:diamond":62,"minecraft:iron_helmet":1,"minecraft:granite":15,"minecraft:bread":18,"minecraft:terracotta":13,"minecraft:oak_sapling":5,"minecraft:coal":33,"minecraft:ender_pearl":1},"minecraft:broken":{"minecraft:iron_pickaxe":1},"minecraft:used":{"minecraft:oak_fence":33,"minecraft:enchanting_table":2,"minecraft:stone_sword":48,"minecraft:oak_sign":5,"minecraft:chest":3,"minecraft:iron_sword":13,"minecraft:bell":1,"minecraft:torch":30,"minecraft:dirt":121,"minecraft:anvil":2,"minecraft:white_carpet":4,"minecraft:birch_door":2,"minecraft:glass":7,"minecraft:bookshelf":8,"minecraft:barrel":13,"minecraft:furnace":5,"minecraft:orange_terracotta":1,"minecraft:cooked_mutton":1,"minecraft:water_bucket":8,"minecraft:diorite":40,"minecraft:stone_pickaxe":57,"minecraft:oak_planks":409,"minecraft:sugar_cane":5,"minecraft:diamond_axe":262,"minecraft:sand":12,"minecraft:terracotta":13,"minecraft:crafting_table":3,"minecraft:oak_slab":51,"minecraft:lime_bed":4,"minecraft:blast_furnace":2,"minecraft:smoker":4,"minecraft:oak_log":15,"minecraft:diamond_pickaxe":698,"minecraft:apple":1,"minecraft:diamond_shovel":183,"minecraft:bread":27,"minecraft:cyan_bed":2,"minecraft:iron_pickaxe":250,"minecraft:oak_pressure_plate":2,"minecraft:stone_axe":55,"minecraft:diamond_sword":101,"minecraft:cobblestone":287,"minecraft:grindstone":2,"minecraft:bucket":8,"minecraft:andesite":27,"minecraft:oak_boat":7},"minecraft:custom":{"minecraft:mob_kills":34,"minecraft:interact_with_crafting_table":44,"minecraft:open_barrel":71,"minecraft:leave_game":2,"minecraft:time_since_death":185130,"minecraft:sprint_one_cm":200849,"minecraft:walk_one_cm":564032,"minecraft:damage_blocked_by_shield":620,"minecraft:drop":13,"minecraft:sneak_time":3406,"minecraft:walk_under_water_one_cm":1527,"minecraft:jump":1937,"minecraft:interact_with_blast_furnace":13,"minecraft:walk_on_water_one_cm":19317,"minecraft:enchant_item":14,"minecraft:interact_with_furnace":27,"minecraft:play_one_minute":185130,"minecraft:sleep_in_bed":8,"minecraft:time_since_rest":22780,"minecraft:damage_taken":1207,"minecraft:damage_dealt":5645,"minecraft:fly_one_cm":290057,"minecraft:open_chest":69,"minecraft:crouch_one_cm":8438,"minecraft:interact_with_smoker":3,"minecraft:fall_one_cm":46310},"minecraft:mined":{"minecraft:diamond_ore":62,"minecraft:obsidian":4,"minecraft:granite":15,"minecraft:grass_block":153,"minecraft:oak_wall_sign":1,"minecraft:hay_block":47,"minecraft:redstone_ore":7,"minecraft:furnace":6,"minecraft:iron_ore":36,"minecraft:barrel":3,"minecraft:andesite":36,"minecraft:anvil":1,"minecraft:enchanting_table":1,"minecraft:bell":2,"minecraft:oak_sign":1,"minecraft:stone":644,"minecraft:oak_slab":3,"minecraft:smoker":4,"minecraft:orange_terracotta":2,"minecraft:dandelion":1,"minecraft:oak_fence":2,"minecraft:crafting_table":3,"minecraft:cornflower":1,"minecraft:torch":2,"minecraft:poppy":7,"minecraft:dead_bush":12,"minecraft:cobblestone":77,"minecraft:lapis_ore":2,"minecraft:cyan_bed":2,"minecraft:grindstone":2,"minecraft:sugar_cane":49,"minecraft:oak_planks":43,"minecraft:diorite":41,"minecraft:wall_torch":5,"minecraft:lime_bed":4,"minecraft:birch_log":5,"minecraft:birch_leaves":1,"minecraft:grass":100,"minecraft:oak_log":191,"minecraft:coal_ore":32,"minecraft:sand":30,"minecraft:dirt":15,"minecraft:terracotta":13,"minecraft:oak_leaves":55},"minecraft:crafted":{"minecraft:oak_planks":632,"minecraft:smooth_stone":6,"minecraft:oak_sign":3,"minecraft:barrel":10,"minecraft:oak_pressure_plate":2,"minecraft:furnace":1,"minecraft:blast_furnace":2,"minecraft:stone":6,"minecraft:diamond_shovel":1,"minecraft:bookshelf":8,"minecraft:white_carpet":3,"minecraft:glass":7,"minecraft:diamond_helmet":1,"minecraft:diamond_leggings":1,"minecraft:iron_boots":1,"minecraft:stone_pickaxe":1,"minecraft:chest":3,"minecraft:diamond_boots":1,"minecraft:birch_door":3,"minecraft:oak_fence":30,"minecraft:wheat":54,"minecraft:oak_slab":114,"minecraft:diamond_sword":1,"minecraft:diamond_axe":1,"minecraft:enchanting_table":1,"minecraft:iron_helmet":1,"minecraft:birch_planks":8,"minecraft:stone_axe":1,"minecraft:bread":18,"minecraft:air":0,"minecraft:oak_boat":2,"minecraft:book":29,"minecraft:paper":96,"minecraft:diamond_pickaxe":1,"minecraft:shield":1,"minecraft:stick":40,"minecraft:iron_ingot":79,"minecraft:iron_pickaxe":1,"minecraft:iron_block":7,"minecraft:stone_sword":1,"minecraft:gold_ingot":8,"minecraft:anvil":1,"minecraft:torch":24,"minecraft:diamond_chestplate":1},"minecraft:dropped":{"minecraft:water_bucket":1,"minecraft:bread":2,"minecraft:oak_slab":28,"minecraft:diamond_axe":1,"minecraft:ender_pearl":1,"minecraft:iron_helmet":2,"minecraft:iron_leggings":1,"minecraft:iron_boots":1,"minecraft:poppy":1,"minecraft:iron_chestplate":1}},"DataVersion":1976}