{"stats":{"minecraft:killed":{"minecraft:witch":1,"minecraft:spider":8,"minecraft:skeleton":13,"minecraft:chicken":2,"minecraft:pig":7,"minecraft:zombie_villager":1,"minecraft:creeper":7,"minecraft:sheep":15,"minecraft:zombie":30,"minecraft:enderman":1,"minecraft:cow":26},"minecraft:picked_up":{"minecraft:crafting_table":8,"minecraft:iron_chestplate":1,"minecraft:wheat":10,"minecraft:chicken":2,"minecraft:string":4,"minecraft:iron_leggings":1,"minecraft:oak_sign":2,"minecraft:activator_rail":5,"minecraft:red_sand":14,"minecraft:beef":51,"minecraft:poppy":1,"minecraft:minecart":3,"minecraft:sugar_cane":55,"minecraft:chest":4,"minecraft:furnace":4,"minecraft:iron_boots":1,"minecraft:egg":7,"minecraft:stick":4,"minecraft:sandstone":71,"minecraft:torch":29,"minecraft:porkchop":15,"minecraft:diorite":5,"minecraft:stone_pressure_plate":1,"minecraft:arrow":6,"minecraft:rotten_flesh":36,"minecraft:hay_block":36,"minecraft:gold_ingot":4,"minecraft:obsidian":14,"minecraft:mutton":23,"minecraft:cobblestone":137,"minecraft:rail":9,"minecraft:white_wool":12,"minecraft:stripped_oak_log":2,"minecraft:feather":4,"minecraft:water_bucket":1,"minecraft:andesite":7,"minecraft:cut_sandstone":4,"minecraft:leather":25,"minecraft:red_mushroom":1,"minecraft:potato":2,"minecraft:oak_log":124,"minecraft:gunpowder":11,"minecraft:lapis_lazuli":6,"minecraft:dirt":5,"minecraft:name_tag":1,"minecraft:orange_terracotta":1,"minecraft:bone":6,"minecraft:apple":1,"minecraft:bow":1,"minecraft:wheat_seeds":11,"minecraft:iron_ore":153,"minecraft:glowstone_dust":2,"minecraft:powered_rail":3,"minecraft:oak_planks":5,"minecraft:oak_slab":28,"minecraft:pumpkin":2,"minecraft:dandelion":1,"minecraft:sand":1,"minecraft:cyan_bed":2,"minecraft:gold_ore":41,"minecraft:blue_terracotta":1,"minecraft:diamond":1,"minecraft:iron_helmet":2,"minecraft:diamond_axe":1,"minecraft:golden_apple":1,"minecraft:gray_wool":3,"minecraft:bread":4,"minecraft:terracotta":2,"minecraft:oak_sapling":10,"minecraft:melon_seeds":9,"minecraft:black_wool":1,"minecraft:coal":208,"minecraft:ender_pearl":1},"minecraft:broken":{"minecraft:iron_pickaxe":2},"minecraft:used":{"minecraft:red_sand":12,"minecraft:iron_shovel":4,"minecraft:oak_sign":7,"minecraft:chest":3,"minecraft:torch":162,"minecraft:iron_axe":24,"minecraft:barrel":3,"minecraft:furnace":5,"minecraft:egg":7,"minecraft:water_bucket":19,"minecraft:oak_planks":55,"minecraft:sandstone":26,"minecraft:diamond_axe":72,"minecraft:crafting_table":9,"minecraft:diamond_pickaxe":24,"minecraft:apple":1,"minecraft:bread":58,"minecraft:cyan_bed":2,"minecraft:iron_pickaxe":604,"minecraft:stone_axe":47,"minecraft:diamond_sword":284,"minecraft:cobblestone":13,"minecraft:bucket":21,"minecraft:andesite":1},"minecraft:custom":{"minecraft:mob_kills":111,"minecraft:interact_with_crafting_table":34,"minecraft:open_barrel":65,"minecraft:bell_ring":2,"minecraft:leave_game":9,"minecraft:time_since_death":167217,"minecraft:sprint_one_cm":456857,"minecraft:walk_one_cm":484540,"minecraft:damage_blocked_by_shield":200,"minecraft:drop":34,"minecraft:talked_to_villager":5,"minecraft:deaths":2,"minecraft:sneak_time":2463,"minecraft:walk_under_water_one_cm":933,"minecraft:jump":4212,"minecraft:interact_with_blast_furnace":4,"minecraft:walk_on_water_one_cm":19940,"minecraft:interact_with_furnace":47,"minecraft:play_one_minute":172816,"minecraft:interact_with_loom":2,"minecraft:sleep_in_bed":5,"minecraft:time_since_rest":28793,"minecraft:damage_taken":1516,"minecraft:damage_dealt":16889,"minecraft:swim_one_cm":4139,"minecraft:fly_one_cm":870646,"minecraft:open_chest":39,"minecraft:crouch_one_cm":9032,"minecraft:interact_with_smoker":15,"minecraft:fall_one_cm":126497},"minecraft:mined":{"minecraft:stone_pressure_plate":1,"minecraft:obsidian":16,"minecraft:red_sand":13,"minecraft:grass_block":16,"minecraft:red_mushroom":1,"minecraft:oak_wall_sign":1,"minecraft:sandstone":72,"minecraft:hay_block":24,"minecraft:furnace":4,"minecraft:iron_ore":146,"minecraft:andesite":11,"minecraft:pumpkin":2,"minecraft:oak_sign":1,"minecraft:rail":4,"minecraft:stripped_oak_log":1,"minecraft:stone":197,"minecraft:cut_sandstone":6,"minecraft:orange_terracotta":2,"minecraft:dandelion":2,"minecraft:crafting_table":8,"minecraft:torch":2,"minecraft:chest":1,"minecraft:cobblestone":4,"minecraft:lapis_ore":1,"minecraft:cyan_bed":2,"minecraft:sugar_cane":25,"minecraft:oak_planks":3,"minecraft:diorite":17,"minecraft:wall_torch":2,"minecraft:blue_terracotta":1,"minecraft:wheat":1,"minecraft:grass":72,"minecraft:oak_log":124,"minecraft:coal_ore":112,"minecraft:sand":3,"minecraft:dirt":10,"minecraft:terracotta":2,"minecraft:gold_ore":33,"minecraft:oak_leaves":17},"minecraft:crafted":{"minecraft:oak_planks":224,"minecraft:barrel":5,"minecraft:oak_sign":6,"minecraft:furnace":4,"minecraft:cooked_mutton":11,"minecraft:iron_boots":1,"minecraft:iron_axe":1,"minecraft:wheat":211,"minecraft:cooked_beef":29,"minecraft:diamond_sword":1,"minecraft:crafting_table":3,"minecraft:iron_helmet":1,"minecraft:bucket":2,"minecraft:stone_axe":1,"minecraft:bread":79,"minecraft:air":0,"minecraft:iron_chestplate":1,"minecraft:diamond_pickaxe":1,"minecraft:shield":1,"minecraft:stick":68,"minecraft:iron_ingot":136,"minecraft:iron_pickaxe":2,"minecraft:iron_shovel":1,"minecraft:gold_ingot":8,"minecraft:iron_leggings":1,"minecraft:torch":204},"minecraft:dropped":{"minecraft:water_bucket":1,"minecraft:bread":18,"minecraft:lapis_lazuli":6,"minecraft:diamond":1,"minecraft:minecart":2,"minecraft:feather":4,"minecraft:iron_helmet":1,"minecraft:cobblestone":19,"minecraft:red_mushroom":1,"minecraft:stick":3,"minecraft:dirt":4,"minecraft:gray_wool":1,"minecraft:diorite":5,"minecraft:iron_leggings":1,"minecraft:white_wool":2,"minecraft:stone_axe":1,"minecraft:wheat":5,"minecraft:rotten_flesh":9,"minecraft:oak_planks":15,"minecraft:iron_boots":1,"minecraft:stripped_oak_log":2,"minecraft:iron_chestplate":1,"minecraft:oak_sapling":3,"minecraft:red_sand":1}},"DataVersion":1976}